{"exact": 73.78542510121457, "f1": 83.30576635404323, "total": 2964, "HasAns_exact": 73.78542510121457, "HasAns_f1": 83.30576635404323, "HasAns_total": 2964}