{"exact": 51.8955349620893, "f1": 54.27209240440849, "total": 1187, "HasAns_exact": 30.033557046979865, "HasAns_f1": 34.76673436918265, "HasAns_total": 596, "NoAns_exact": 73.9424703891709, "NoAns_f1": 73.9424703891709, "NoAns_total": 591, "best_exact": 55.2653748946925, "best_exact_thresh": 10.080659866333008, "best_f1": 59.21340057415338, "best_f1_thresh": 11.349762916564941}